,UNITID,COSTT4_A,GRAD_DEBT_MDN10YR,NPT4_PUB,MN_EARN_WNE_P10,MN_EARN_WNE_P6,MN_EARN_WNE_P8
0,100654,21924,328.651592227982,13057,35500,28400,30600
1,100663,26248,236.417113118838,16585,48400,39400,44100
3,100706,24869,219.507458615495,17250,52000,40300,45900
4,100724,21938,328.651592227982,13593,30600,24400,27500
5,100751,31050,241.187862038277,21534,51600,42400,45600
6,100760,13930,103.535853216079,8628,32400,25900,29300
8,100830,20621,265.041606635469,13689,38000,32100,37000
9,100858,32678,222.634949573794,23258,56300,43100,50800
11,101028,9320,111.317474786897,3557,31300,26000,28200
13,101143,9454,79.5018803263754,3214,42700,33700,40900
14,101161,12881,116.618306919606,6043,33900,26600,31100
19,101295,13196,116.618306919606,8467,34800,29200,33000
26,101480,22023,235.240328385377,18336,38100,31800,34900
27,101505,14975,102.719525067642,9406,33800,29400,32500
28,101514,11507,127.219971185025,6604,32200,27000,30700
30,101587,22525,264.447913436606,16258,40400,29700,33400
32,101648,18568,98.0653944551237,12029,49800,33600,43600
35,101709,26709,254.43994237005,17348,36100,28000,32300
36,101736,9617,106.016642654187,2595,30800,25600,27600
37,101879,21507,234.05294198765,12631,42800,32100,36300
38,101897,9260,64.6701520190545,3232,31700,26200,29000
44,102076,13481,95.414978388769,7179,30700,25700,29800
45,102094,22139,264.288888472624,16223,46800,35100,42400
50,102368,21376,265.041606635469,14019,41100,34300,37500
54,102553,20548,214.259634804113,12531,51200,41500,46300
56,102614,19621,215.118369609612,9684,45100,36500,40400
57,102632,16275,202.608405776418,7368,39500,35200,38300
69,104151,26992,206.732453175666,12814,55500,42200,48800
70,104160,15598,51.163631744911,10135,32000,25600,28700
71,104179,27985,208.004652887516,15601,56000,41800,48100
72,104346,10402,106.122659296842,5491,31500,28300,31500
74,104425,12103,71.5612337915767,7124,34300,27000,29400
80,104708,15020,73.7875832873147,9717,38300,31300,34700
82,105145,15327,71.5612337915767,10356,39000,36700,38700
83,105154,16002,79.2262370554745,10850,41500,32900,36500
84,105206,11046,102.836143374562,6858,32900,27400,28900
87,105330,28480,201.431621042956,14636,44600,36900,40900
90,105428,15974,71.5612337915767,10118,36000,29600,33300
91,105525,8648,74.2116498579314,3409,35000,28700,32100
96,105668,14123,100.715810521478,9226,43400,35100,38000
98,105747,16557,84.8133141233502,11286,42500,34900,39600
99,105792,15440,84.8133141233502,10040,33400,28700,31500
102,106148,12567,95.414978388769,7144,34000,29000,31100
103,106245,20260,233.236613839213,15868,39500,34600,36900
111,106397,23843,227.935781706503,14998,52700,40900,46900
112,106412,18873,256.581478551665,10542,30600,23900,28100
113,106449,15021,85.7992689000342,9708,32900,26600,31600
114,106458,21752,217.334117441085,13430,36600,30900,35100
115,106467,19857,222.634949573794,12191,38600,31600,36100
116,106485,19028,211.725837044678,12907,35800,27300,30400
119,106625,13317,100.715810521478,8204,29100,25600,26800
120,106704,21408,215.70146114421,14735,42500,32600,37500
124,106883,13211,63.6099855925127,7290,26800,22300,25600
127,106980,14109,111.317474786897,8759,28100,24900,26600
128,106999,14176,108.667058720542,7884,30300,26400,29900
130,107071,25533,206.732453175666,16696,40400,29300,35000
140,107460,15648,95.414978388769,9786,28900,25000,28500
143,107521,10098,108.667058720542,3716,31000,25700,27000
144,107549,11266,104.087139757881,4901,28100,22600,25800
146,107585,13628,109.356166897794,7391,31600,28600,30900
149,107637,13136,91.1743126826015,7662,29700,24000,27600
151,107664,18439,128.068104326258,12959,30700,25100,28100
153,107743,10811,68.910817725222,4926,24100,22100,23200
158,107974,11982,118.240361552215,7312,32700,28800,30300
159,107983,23732,198.781204976602,15873,39000,30400,37800
160,107992,17911,63.6099855925127,7639,31200,26400,28300
162,108092,18174,193.480372843892,9336,35000,30700,34700
173,109208,13465,102.041018554655,6039,38100,27900,33000
174,109350,11709,132.520803317734,3524,34500,25100,30600
179,109819,13485,88.1210333741609,5223,36000,27000,31300
180,109907,17676,37.1058249289657,9250,35000,26000,31000
186,110246,14581,111.317474786897,7473,37600,29300,32500
188,110334,20716,152.451932136722,12456,40600,29300,35000
194,110422,28843,196.130788910247,20633,74300,54700,63300
196,110486,18172,175.987626805951,6821,50100,39100,44600
197,110495,17005,143.54653415377,6041,48500,39300,42700
198,110510,13365,156.003489665637,2232,48800,37400,42400
199,110529,22108,169.6266282467,11740,58000,42900,49400
200,110538,22469,175.478746921211,13384,55400,42900,48300
201,110547,14579,146.377178512637,3724,48500,38300,41800
202,110556,17014,153.777140169899,5640,48500,37200,43400
203,110565,14182,145.772883649508,4211,51800,38500,44800
204,110574,22134,175.393933607088,11327,58200,45200,51700
205,110583,18699,151.487180688568,8338,53000,40000,46200
206,110592,13712,137.821635450444,2037,49900,37200,44200
207,110608,19641,147.066286689889,7944,49700,37400,43500
208,110617,17561,159.024963981281,6654,54200,41800,48100
209,110635,37510,137.821635450444,15240,79000,57600,68100
210,110644,33396,137.821635450444,14920,68100,45300,56600
211,110653,30173,159.024963981281,9691,65800,44300,54300
212,110662,29153,148.423299715862,11627,73200,52000,63900
213,110671,30569,185.529124644828,13233,55300,36800,45300
214,110680,32719,164.325796113991,14895,69600,48200,58900
216,110705,34738,148.349088066005,15458,62400,42800,52100
217,110714,37040,176.687336647469,18828,53800,38400,44700
224,111188,24845,264.670548386179,18133,87800,76700,85900
227,111461,11273,101.903196919205,3251,45800,34000,40200
236,111887,13286,89.5522580499924,5797,36600,27900,33100
238,111920,13354,100.715810521478,5814,41300,31900,37600
245,112172,13090,83.2336661478028,5321,36100,26600,31700
247,112190,14677,87.1244769332115,5498,41800,31600,37200
252,112385,14743,87.4637301897049,6210,43100,32700,39600
260,113096,12112,113.67104425382,5137,34900,27500,32800
262,113193,19119,145.772883649508,11004,42100,33200,40000
264,113236,13898,106.016642654187,5852,41100,31400,37200
265,113333,13158,59.6343614929806,4740,50200,37100,44700
270,113634,13436,106.239277603761,5637,47800,33700,40600
273,113856,18616,111.317474786897,10278,36100,26800,32900
277,114266,19861,140.14339992457,11409,44100,30400,36000
279,114433,17276,113.967890853251,9326,34600,25400,28700
284,114716,15141,111.317474786897,7286,58300,44000,55800
287,114789,12737,43.0215535890694,4201,33200,25100,28700
290,114859,16615,47.7074891943845,9765,38500,28900,34600
293,115001,14283,95.1181317893373,5963,41100,28600,33800
296,115126,11843,76.1093477614414,3809,40100,29400,37300
298,115296,11295,91.439354289237,3377,39400,29000,34000
305,115755,24219,190.829956777538,13335,40100,30200,35300
311,116439,10767,68.910817725222,1627,43800,33600,36300
314,117052,12373,29.8860915642155,4213,31000,24000,27500
328,117645,11991,111.317474786897,4301,33800,26100,30000
331,117706,19386,137.143128937457,11378,41700,29600,35400
333,117724,15980,111.317474786897,8181,34200,25800,30000
334,117733,17366,111.317474786897,9622,37900,30600,33800
336,117788,16656,135.171219384089,9186,33100,25600,29900
338,117867,17890,134.407899556979,10630,37000,27700,31400
346,118347,13784,106.673945838643,4937,42800,32600,37300
348,118684,16011,114.879633980077,6382,31800,27100,30900
353,118912,12359,95.414978388769,4318,34300,28400,31800
360,119137,9520,100.715810521478,1247,47000,35000,38500
361,119164,11578,62.3377858806624,3605,41400,30800,36900
365,119331,20220,107.575087301204,12814,46500,38800,44200
378,120342,12400,100.715810521478,4384,43900,30600,37200
391,121044,12197,70.5116690293003,3800,39300,27800,34300
399,121619,11661,72.8440351676924,3358,39400,29400,33700
403,121707,12318,85.6614472645837,4534,32700,24800,28300
406,121886,12763,58.3091534598033,5461,40500,30000,34900
407,121901,12940,84.8133141233502,4838,37200,28200,33500
409,122180,13642,111.317474786897,5507,40700,29400,34000
410,122205,13443,100.715810521478,5379,46000,33700,38300
412,122339,14837,81.516196536805,6485,34700,26900,30100
413,122375,12900,50.0928636541037,4893,43100,31800,38100
414,122384,13234,71.5612337915767,4730,44400,31000,38300
415,122409,16194,159.024963981281,6488,55900,41600,48500
419,122597,23297,162.958181423752,12590,54700,42100,49000
422,122658,21669,79.5124819906408,13760,36600,27000,31800
427,122755,24198,159.024963981281,13874,63800,47200,54300
428,122791,9076,155.791456380329,984,47900,36500,43400
430,122889,18904,116.618306919606,11391,42800,31900,39300
432,122977,11330,68.3807345119511,3305,40200,27900,33200
433,123013,15082,100.715810521478,6987,42800,32800,39500
436,123217,11245,47.7074891943845,3417,33100,25900,31000
438,123299,12311,151.073715782217,5322,34100,26100,31500
439,123341,10481,111.317474786897,2599,37800,29800,34300
443,123484,16204,113.967890853251,9566,32000,25700,28600
448,123563,9096,127.219971185025,1790,40500,29500,34600
449,123572,16072,177.10080155382,6230,53200,41200,46600
454,123800,12476,47.7074891943845,4530,34700,26400,30600
467,125028,9319,147.108693346951,874,39800,30200,36000
474,125462,17869,71.5612337915767,10033,32800,27500,30700
475,125471,16442,143.122467583153,8110,37300,27700,34100
487,126182,23292,206.732453175666,14305,38100,28800,32300
488,126207,14059,72.5577902325261,9679,37800,31600,34800
489,126289,16158,125.990178130236,11682,40700,35700,40600
491,126562,22842,217.334117441085,13322,71200,48700,57100
492,126580,22367,212.033285308375,14633,49300,37300,41600
494,126614,31442,206.732453175666,21771,59700,42700,50200
498,126711,12281,95.414978388769,6002,37100,31400,33800
499,126748,20220,127.219971185025,11530,43300,35900,38000
500,126775,36050,243.838278104632,25211,95600,74700,80700
502,126818,27955,212.033285308375,19016,53400,39900,46200
504,126863,16306,111.317474786897,8825,38400,32600,35300
506,126942,18370,132.467794996407,11381,36400,30100,33000
511,127185,23428,194.954004176786,14925,39400,30500,35000
512,127200,16915,129.880988915645,10987,40600,33300,37600
515,127389,18151,92.7645623224143,10357,32100,27800,32400
516,127556,22323,233.236613839213,15898,42300,34200,38800
517,127565,21062,227.935781706503,13806,44200,36100,39800
518,127617,15874,90.124747920325,8770,34000,30700,33800
521,127732,18857,99.4012041525665,12234,37700,30800,34500
522,127741,24783,217.016067513122,16075,47100,35300,40900
523,127778,19658,108.667058720542,11980,31100,28300,31000
524,127820,17277,95.414978388769,10088,35700,29000,31900
525,127884,18867,106.016642654187,11795,31900,27300,29800
526,127909,17558,100.715810521478,10822,43300,34800,37800
530,128106,22493,227.935781706503,13999,41600,39100,39800
534,128258,19890,94.4396252763505,11909,33200,28100,29800
537,128391,24456,214.68370137473,17437,43400,32500,35800
539,128577,14827,69.2288676531846,9223,37200,31000,31700
542,128771,20520,236.417113118838,13434,51600,40800,45100
543,128780,16702,198.070893470819,13836,43700,48200,48500
547,129020,34149,227.935781706503,21724,66000,49800,57300
550,129215,27163,257.090358436405,18292,49000,36800,43900
553,129367,14218,97.5353112418528,8145,35600,28700,32000
559,129543,12546,84.0181893034438,6800,34200,28000,30500
560,129695,12725,53.0083213270939,6496,36600,30400,33800
561,129729,12675,79.5124819906408,6743,38800,31000,34300
562,129756,9212,80.9755116592686,3013,37900,29500,32700
564,129808,12527,111.317474786897,6920,37300,29900,33000
568,130004,12269,58.3091534598033,6443,36700,29500,35600
569,130040,11795,53.4111845691798,6438,34900,26900,31300
577,130396,13668,60.959569526158,7668,36200,29500,34000
578,130493,25602,235.887029905567,18231,48100,38800,43900
581,130606,13944,90.3791878626951,8091,38500,30100,34800
584,130776,21432,255.998387017067,16154,50400,37800,45200
588,130907,13504,111.317474786897,8593,35900,28300,33700
589,130934,22912,275.643270900888,11626,38400,30100,35400
590,130943,26131,260.50409432987,18313,64000,48100,56200
596,131399,22626,263.684593609495,16276,39400,32800,35200
612,132693,10279,129.87038725138,4668,34000,26900,30800
613,132709,22039,79.5124819906408,14577,38700,29900,34100
615,132851,14543,137.821635450444,9634,34900,27500,30800
617,132903,21605,192.844272987967,9217,51200,39900,45400
621,133386,12982,87.4637301897049,8867,32700,27400,30400
624,133508,14237,84.8133141233502,8547,38200,31600,34700
627,133650,23895,249.647990122081,12479,44700,31800,39600
628,133669,19375,182.730285278758,7990,48300,38800,44200
629,133702,9059,143.779770767609,3296,35800,30800,33500
638,133951,19479,174.927460379409,6232,52000,41500,46000
639,133960,18973,100.715810521478,14378,33400,29100,30900
644,134097,22906,190.829956777538,9561,53900,39700,48200
645,134130,21295,159.024963981281,3679,65700,47700,57800
650,134343,11447,75.770094504948,3141,34000,28300,30600
652,134495,9076,103.493446559018,2871,36800,29600,33300
656,134608,10415,85.0571524014548,3966,33800,27900,30900
662,135160,9378,74.1268365438081,1494,32500,27600,33100
664,135188,10594,71.5612337915767,4611,34900,27000,30800
670,135391,18075,95.414978388769,11874,34900,28300,31900
676,135717,10633,98.0865977836545,3732,35600,28800,33000
681,136172,16874,164.654447706219,7159,49200,37500,44100
683,136233,11900,84.0924009533017,6464,34100,27800,29800
686,136358,15771,75.0703846634304,8999,37800,29800,34200
687,136400,10891,101.086868770768,4793,33100,28000,31000
688,136473,9542,79.5124819906408,2918,32100,26800,29500
690,136516,13717,106.822369138359,7994,35000,29400,32100
699,137078,11633,178.828872829084,2212,36700,31700,34200
701,137096,13677,119.904822841886,10486,39100,30100,34800
703,137209,9326,117.116585140081,3902,35100,30700,33700
706,137281,11576,127.219971185025,5015,33300,28800,32700
707,137315,10123,78.1130623076055,3762,31300,26600,31200
708,137351,21248,190.702736806353,8318,48500,39400,43300
714,137759,9393,81.2935615872312,4136,35100,27700,31600
722,138187,20467,98.5954776683946,14742,37000,29100,32900
727,138354,18622,176.242066748321,8152,43400,33600,37100
732,138558,13223,177.577876445764,7203,36300,29100,33000
736,138682,15950,131.587856862377,8622,25200,22600,24900
737,138716,20538,265.296046577839,14904,34600,27100,32500
741,138840,9344,100.715810521478,319,26700,22500,24400
743,138901,12330,149.727304420509,6649,31100,24700,27300
747,138956,20657,47.7074891943845,13041,28600,25200,27000
752,139250,18595,159.438428887633,13258,32800,27500,30300
753,139278,10682,117.784489988802,2127,32200,26800,30800
754,139311,17743,272.526381606855,10635,42300,35900,39000
756,139357,14552,92.8281723080068,6329,28300,25100,28100
757,139366,20415,275.643270900888,13697,38800,31100,35300
758,139384,11488,68.073286248254,4038,29700,26300,27500
760,139463,11687,137.153730601722,5240,34700,28000,31400
763,139621,14887,124.56955511867,8696,34000,26200,31300
766,139700,12533,127.219971185025,6848,38100,30400,34800
767,139719,20160,328.651592227982,13320,34700,25500,30200
769,139755,29364,229.759267960155,14820,85900,66100,73200
770,139764,19456,199.851973067409,12567,40100,32900,36300
771,139861,28032,235.887029905567,19827,45200,37500,41200
772,139931,23023,246.488694170986,15851,46100,36800,42500
773,139940,27211,221.606588140048,17738,48200,38100,43300
774,139959,27510,196.130788910247,14995,59100,45200,53000
775,139968,14346,185.529124644828,8925,34700,27400,31500
776,139986,15597,100.715810521478,7412,30200,25600,27500
779,140012,19075,137.821635450444,12953,36600,31600,33600
789,140678,11999,82.9368195483711,4571,26300,22800,24900
795,140942,14238,34.5402221767343,6071,29500,24300,26900
797,140960,17111,296.846599431725,10295,35000,26200,30200
806,141264,20495,262.698638832812,13336,41600,33200,37300
808,141334,23563,254.121892442088,16239,41700,33900,39100
811,141565,20727,217.334117441085,13259,41800,31700,38000
812,141574,23192,196.130788910247,13430,51800,39000,45600
815,141680,12740,79.8729385756651,7024,40600,30700,35000
816,141796,12590,97.8427595055499,6550,43200,36500,40800
817,141802,14955,111.317474786897,8827,40200,29400,30900
818,141811,12965,95.0969284608064,7460,37500,28000,34000
819,141839,14936,138.24570202106,8642,34200,30600,35600
820,141981,16758,153.724131848572,12423,41100,38300,38000
821,141990,15623,100.715810521478,9070,32400,26600,31300
824,142115,22693,217.334117441085,17107,43100,35600,39200
825,142179,12131,127.219971185025,7785,30200,31100,30900
826,142276,20646,212.446750214727,17410,43900,34900,39400
827,142285,21553,233.045783882435,12019,47000,35500,43400
829,142328,17731,196.130788910247,12962,38200,33700,36100
832,142443,11767,95.414978388769,7074,36000,29300,31700
836,142559,12361,84.8133141233502,6566,33700,28800,31000
843,143215,11671,73.2362967455129,7150,30700,25400,28400
845,143279,11484,88.7889382228823,4046,32800,27000,30400
855,143613,11190,52.0435698789408,3232,33200,26800,30700
859,144005,21945,324.67596812845,8969,38200,32200,34700
862,144157,12095,65.518285160288,5197,29700,23100,27900
863,144166,10140,88.7889382228823,4140,29700,24500,27700
864,144175,11342,81.060324973392,5196,27900,23200,25500
865,144184,10693,74.1798448651352,4204,34000,26300,31200
866,144193,9418,47.7074891943845,3552,32200,27200,30900
867,144209,10156,60.959569526158,4125,30700,24400,27500
868,144218,9412,68.910817725222,3151,36700,28000,34100
871,144564,9711,76.5228126677927,4191,30600,27400,28900
875,144865,13150,110.363325003009,5519,41500,33000,37500
877,144892,24506,227.935781706503,12872,46000,35500,40900
878,144944,8745,78.3462989214447,3628,35800,32300,35400
885,145336,20806,197.381785293566,9419,44000,40300,41700
892,145521,12041,85.1207623870474,6446,30100,26800,28900
894,145600,24382,177.090199889555,11329,61300,43100,54300
897,145637,31102,206.732453175666,15483,70900,52300,59600
899,145682,14084,94.3548119622271,8544,35000,28200,31900
901,145707,13010,68.910817725222,7601,34400,27100,28500
903,145813,31753,217.143287484307,20579,51600,41600,46700
904,145831,11499,87.2835018971928,6192,34400,28600,31700
907,146278,12275,85.1207623870474,7133,32600,28300,30800
908,146296,9555,102.952761681481,3695,36400,30100,34000
910,146348,11443,105.687991061959,5999,32300,27700,29900
911,146366,10634,39.7562409953204,6064,31200,26400,28700
912,146418,12283,99.6026357736094,5472,38500,28700,31100
915,146472,10546,92.605537358433,6235,37200,29500,33600
918,146506,10378,65.6030984744114,4584,32400,28400,31500
920,146603,9238,71.5718354558422,5698,31700,28200,30200
924,146685,11062,116.734925226526,6245,32700,27100,30400
932,147004,11292,66.3664183015215,7319,36000,31300,32900
939,147378,10929,100.715810521478,1610,38200,29600,33400
941,147411,12706,84.8133141233502,7175,37100,27900,32600
948,147703,26275,234.954083450211,14266,49800,39400,45100
950,147776,24339,154.784298275114,13555,41900,35200,38500
951,147800,10771,55.6587373934486,6277,43900,31500,38900
954,147916,13095,90.6230261407997,8908,35300,28600,32200
955,148007,14147,116.618306919606,6290,33300,27500,31000
959,148256,14722,61.5850677178177,8227,31400,25900,29700
960,148292,10235,87.5273401752974,5043,30900,28200,29200
961,148380,14489,90.1141462560596,7447,34000,28500,30100
970,148654,23892,202.78863406893,12065,49900,38500,44100
971,148672,13725,87.4637301897049,7504,35300,28000,31900
981,149222,29247,228.391653269916,16316,49500,36700,43200
982,149231,24338,217.334117441085,14331,50800,39600,45200
989,149532,11281,99.793465730387,4731,38800,29500,33200
992,149727,9498,74.2116498579314,5597,36200,31800,34300
994,149772,25774,267.702624366089,11663,47500,37000,42100
996,149842,12976,107.967348879024,6856,42600,34400,37900
998,150136,24343,246.488694170986,15464,44600,35300,39600
1018,150987,13172,113.724052575147,6685,33000,28900,31100
1019,151102,18756,227.935781706503,10455,39800,33100,36400
1020,151111,21348,212.033285308375,10947,50700,39900,49300
1023,151306,19946,213.146460056244,14611,40200,32900,36600
1024,151324,23079,254.43994237005,14961,42600,34400,38500
1025,151333,11659,179.814827605767,4757,40500,34300,37900
1026,151342,15126,226.398540388018,8518,38100,31600,36200
1027,151351,26051,206.827868154055,14216,57800,44200,50300
1028,151360,13200,230.162131202241,6666,40400,33500,37000
1029,151379,13317,208.683159400503,6914,41800,32800,37500
1030,151388,14685,190.829956777538,8149,34800,32400,34100
1057,152637,18493,127.219971185025,10862,36300,30000,32900
1068,153214,14535,116.618306919606,10465,36800,31100,34100
1073,153296,16577,106.016642654187,11075,35500,28700,32200
1075,153311,14476,135.054601077169,10401,33600,28800,31400
1081,153445,15502,127.219971185025,11000,38400,32400,34900
1083,153472,13213,111.317474786897,7519,34800,29600,33000
1084,153524,15972,116.618306919606,9989,38400,31600,35100
1085,153533,18583,127.219971185025,13200,36200,32200,34100
1088,153603,21746,242.449460085862,15351,56000,44000,49300
1090,153630,17633,116.968161840365,12228,35500,29200,33500
1091,153658,25376,238.537445971922,19443,62000,47700,56100
1092,153737,14318,127.219971185025,9422,38000,31100,35100
1100,153922,12888,100.715810521478,6588,32800,27400,32000
1105,154059,14117,100.715810521478,8073,37700,29900,33300
1106,154095,20990,208.757371050361,14017,49700,39600,44800
1108,154110,15523,127.219971185025,8743,36000,30600,32700
1109,154129,17019,100.715810521478,11076,48000,41900,45100
1118,154378,12798,127.219971185025,7057,31800,28200,30300
1119,154396,16706,116.353265312971,10667,34100,30100,32600
1128,154572,13836,116.618306919606,8236,34200,29100,32600
1130,154642,13215,73.7239733017222,8035,34900,28000,33100
1132,154697,16250,100.726412185743,9833,35500,29400,33400
1136,154800,17756,111.317474786897,13268,36100,30900,33400
1138,154907,14617,84.8133141233502,10442,33600,28700,32100
1139,154925,11408,85.9052855426883,4489,36600,28800,31300
1140,154934,15054,94.4396252763505,9673,36400,31600,32900
1141,154952,12261,84.8133141233502,6794,36300,29300,31900
1142,154998,13842,93.2946455356852,6138,37300,32600,34700
1144,155025,19733,206.732453175666,15312,40300,33000,36300
1145,155052,20123,70.2360257583994,16477,34700,34200,36800
1146,155061,18688,222.634949573794,13515,42700,36800,40300
1149,155098,11937,100.715810521478,4955,35100,30600,33000
1150,155104,11142,68.910817725222,5401,37000,29500,34300
1154,155186,11943,87.7499751248712,7416,36100,29800,32600
1155,155195,13788,103.610064865937,8347,37500,31500,34800
1156,155201,11690,64.8291769830358,6272,31300,26000,33500
1157,155210,17716,92.7645623224143,13249,41200,32200,36400
1159,155292,16914,93.2204338858273,14290,34400,29400,32600
1161,155317,25021,222.634949573794,18709,59300,45100,52300
1164,155399,25015,225.285365640149,18902,51900,41400,46600
1166,155423,16581,192.176368139246,12458,43500,36100,40500
1167,155450,13049,111.317474786897,7557,36000,30000,33600
1168,155487,17064,100.715810521478,13631,44200,41900,44200
1172,155566,14744,90.1141462560596,8549,36700,30900,32400
1173,155593,18237,106.016642654187,13329,41200,35100,40700
1177,155681,19036,201.102969450728,14255,44400,37900,42500
1178,155715,14453,68.910817725222,9601,40600,39300,39600
1180,155830,13279,74.2116498579314,8906,36500,30200,36600
1181,155858,11808,68.910817725222,6283,37400,33600,36000
1185,156082,20634,192.176368139246,14194,43500,36100,40500
1186,156107,15233,100.715810521478,10499,34400,32900,36400
1187,156125,20571,217.334117441085,14372,45400,38900,42800
1192,156231,11970,116.088223706335,4764,31500,26800,29000
1197,156338,12827,107.871933900636,5092,32800,28100,30700
1200,156392,12292,111.317474786897,6145,29800,26700,31600
1206,156620,23395,238.537445971922,13821,39300,32700,36300
1207,156648,12138,95.998069923367,5163,31400,26000,29400
1211,156790,11640,107.341850687365,4112,28400,23300,25500
1213,156851,12214,111.137246494385,5199,31100,27700,30400
1214,156860,12870,113.342392661592,5687,31500,26000,29000
1215,156921,13019,123.519990356394,6568,31500,26500,29500
1219,157058,17812,274.985967716432,7265,31300,25600,28300
1221,157085,30672,238.537445971922,18268,54000,43500,51700
1225,157289,28984,217.334117441085,17744,48600,38200,42700
1227,157304,12645,89.5840630427887,6041,32100,27300,29200
1228,157331,11634,121.919139052316,4740,29200,24500,26800
1230,157386,20803,235.887029905567,10738,37000,30000,32600
1231,157401,21358,217.334117441085,11226,42300,33100,38300
1232,157438,12725,113.5544259469,6083,31700,27600,30700
1233,157447,17112,243.838278104632,6575,41800,35200,38400
1234,157483,12658,95.2665550890531,5698,31400,26200,28700
1236,157553,11933,99.1997725315235,4068,28200,25000,27900
1241,157711,11873,129.49932900209,4361,27500,22700,26100
1242,157739,11825,73.3529150524325,3790,27900,22900,25800
1249,157951,22140,234.243771944428,11691,38600,30800,35900
1254,158431,15630,185.529124644828,9981,36400,28000,31000
1258,158662,13538,214.132414832928,6942,34700,28900,32700
1262,158884,14957,137.821635450444,9625,32500,33600,34800
1263,159009,24135,386.960745687785,17157,32800,26200,30400
1268,159382,14397,201.431621042956,7166,36300,33000,35000
1269,159391,33592,217.334117441085,18300,60100,45000,52000
1270,159407,16113,151.073715782217,9936,36700,30400,34600
1271,159416,19291,238.537445971922,8536,41000,36000,39700
1277,159647,23174,234.667838515044,12065,49200,38800,45100
1279,159717,21296,243.838278104632,10161,45000,36600,41100
1280,159939,21169,198.781204976602,11548,43500,35200,40300
1282,159966,21100,240.39273721837,13466,43800,37200,41900
1283,159993,21829,227.935781706503,10950,46300,38100,41700
1285,160038,23156,265.041606635469,14657,39600,35700,39300
1294,160481,14370,106.695149167174,7708,33400,28400,30500
1298,160612,21636,234.434601901205,13269,42800,34600,38900
1299,160621,24045,310.109281427764,16991,39600,30800,34900
1300,160630,19443,328.651592227982,14301,32100,26800,28300
1301,160649,17500,196.130788910247,10842,29800,27000,29800
1302,160658,22737,242.79931500662,12642,46400,37200,42000
1311,161077,14679,127.219971185025,9235,35600,29500,32400
1313,161138,15946,119.724594549374,10498,36100,32200,34200
1314,161192,14810,140.525059838125,6496,32300,31000,32700
1316,161217,17335,241.01823541003,9889,30600,26000,27400
1317,161226,22999,259.730172838494,13863,37500,27700,32000
1318,161235,16444,213.729551590842,9214,37700,36000,36700
1319,161253,25127,265.041606635469,17067,48300,37400,42500
1320,161299,28600,286.244935166307,23778,107200,82000,88000
1321,161341,16470,169.6266282467,9266,35300,27600,29900
1323,161484,16014,114.763015673158,11660,33600,27600,30300
1328,161545,16078,109.525793526041,9921,36500,29900,34200
1329,161554,17748,202.067720898882,9472,44400,35600,40300
1333,161688,14790,145.264003764768,9411,33200,28300,31400
1334,161767,18839,87.4637301897049,15795,42200,34300,39400
1338,161873,25160,246.488694170986,16443,63400,45100,60700
1339,162007,22835,243.67925314065,14537,48700,34200,41400
1341,162104,13420,101.097470435033,9226,36700,29600,32400
1342,162122,13227,90.1141462560596,7724,40600,31200,36200
1345,162283,14332,265.041606635469,6010,41800,31700,38200
1348,162557,9754,86.403563763163,4222,42100,31200,37200
1349,162584,25170,223.748124321663,15538,47200,33800,41500
1350,162609,12792,113.967890853251,6384,31600,26000,31300
1352,162690,11764,116.618306919606,6806,37000,29700,33100
1353,162706,11751,104.023529772289,6819,36500,30000,34100
1355,162779,14980,111.317474786897,10794,44000,34100,41300
1360,163204,20994,222.634949573794,15635,55900,47700,51200
1362,163268,15880,206.732453175666,9262,59600,42900,51800
1363,163286,26915,201.431621042956,17500,70800,50100,59500
1365,163338,23095,286.244935166307,11662,40400,29100,36400
1368,163426,14664,110.416333324336,7037,46000,34000,40700
1369,163453,23375,288.895351232661,16645,42600,30300,35700
1374,163657,19448,111.317474786897,14228,43700,33900,39600
1376,163851,25092,222.634949573794,18706,54200,40000,46800
1377,163912,30817,222.634949573794,20512,55200,38600,44200
1379,164076,19718,198.441951720108,12621,55100,41900,49000
1385,164313,13093,82.9898278696982,8074,31400,26300,29600
1399,164775,15428,127.781859391092,8309,34900,29000,31600
1406,165024,19576,257.47201834996,14071,47900,37500,42200
1407,165033,11481,87.389518539847,6765,35100,29500,33100
1409,165112,14016,111.317474786897,8507,39500,31900,36100
1411,165194,13918,127.219971185025,8661,35900,28600,33500
1427,165820,22908,256.973740129485,16324,47400,37700,43200
1428,165866,23678,265.041606635469,16513,49000,38100,44400
1432,165981,13598,88.0680250528338,9088,36300,29100,31900
1438,166133,13231,87.4637301897049,8175,34900,28200,32400
1444,166513,22152,251.301849747486,14071,57200,45700,52200
1445,166629,26579,241.325683673727,16197,57700,44200,51600
1446,166638,28706,232.960970568312,17817,53700,42600,48600
1447,166647,12014,68.910817725222,7051,44900,34400,41400
1449,166674,30744,273.04586315586,23799,40700,31200,36900
1451,166692,30709,265.041606635469,21604,96000,75200,84600
1455,166823,13741,106.016642654187,8126,38800,31200,35200
1458,166887,10319,77.2967341591683,4478,39200,33800,35600
1461,166957,13721,108.688262049073,7963,36400,31600,34400
1467,167288,23508,251.789526303696,15906,38300,30100,34800
1469,167312,13659,95.414978388769,8277,38600,31000,34800
1471,167376,11792,95.414978388769,8370,37200,30400,33700
1475,167525,19323,147.08749001842,14828,45600,40000,43400
1476,167534,12932,175.722585199316,8260,39200,33300,35900
1480,167729,25446,265.041606635469,17497,47100,39300,43200
1486,167905,14468,69.6529342238014,9727,36500,30400,33100
1487,167987,29588,265.041606635469,20910,51500,41100,47200
1495,168263,24422,238.081574408509,19589,48900,37500,43800
1499,168430,18674,206.732453175666,13627,52400,41000,46800
1505,168607,10112,95.669418331139,3893,35900,28600,31900
1509,168883,14568,133.771799701054,8471,33400,27100,27600
1515,169248,26085,286.244935166307,16810,46200,37600,42400
1516,169275,10960,137.821635450444,6787,31300,24900,28100
1524,169521,10972,116.385070305767,2884,34600,28200,31500
1529,169798,25802,265.041606635469,16445,43900,35300,40100
1531,169910,24295,222.634949573794,13010,49600,40300,46100
1532,169974,12917,114.43436408093,7575,32100,27400,29900
1534,169992,13139,115.8231820997,8059,32400,28900,31200
1537,170055,13840,95.414978388769,8940,34400,27300,31500
1538,170082,24861,259.74077450276,17210,47200,37700,42800
1540,170240,9436,151.073715782217,3082,35700,28600,32200
1543,170444,18346,147.098091682685,11109,34100,28000,32100
1545,170541,10439,102.825541710296,4291,34300,28100,32500
1546,170550,12287,180.228292512119,6632,34500,28300,31800
1547,170587,12621,138.531946956227,6333,29800,26100,28100
1549,170620,14500,95.414978388769,8432,27200,26400,27100
1550,170639,24374,246.488694170986,14035,42000,33000,36900
1551,170657,10192,134.641136170818,4844,36100,29100,33400
1554,170790,10512,63.6099855925127,5822,37300,29900,32700
1557,170976,31300,206.732453175666,17086,79000,55900,68200
1559,171100,20623,246.488694170986,10925,63200,45200,52700
1560,171128,30572,264.935589992815,15864,66800,54000,58400
1561,171137,21531,238.537445971922,11905,56200,41800,46900
1562,171146,21703,265.041606635469,13218,44500,36800,42300
1563,171155,13989,145.772883649508,8409,32800,27700,30400
1564,171225,9721,130.358063807589,5007,35500,29800,32000
1565,171234,13356,174.927460379409,6371,30900,26500,28700
1566,171304,10571,96.7401864219464,6411,32100,27100,30200
1567,171395,11036,148.423299715862,4724,31100,25300,27200
1568,171456,24567,227.660138435602,16583,39800,32000,35900
1569,171483,12998,132.520803317734,5839,34300,27600,31800
1571,171535,10429,96.528153136638,4568,35800,28700,32200
1572,171571,23229,241.187862038277,12729,48100,39700,45400
1580,172051,22586,265.041606635469,15335,42700,35400,39800
1581,172200,10282,111.317474786897,7177,36200,31000,34100
1583,172291,12379,124.56955511867,5238,34600,29900,32600
1584,172307,15419,116.183638684724,8889,32200,25200,26600
1591,172617,9494,141.108151372723,2995,34600,28900,31700
1592,172635,9928,127.877274369481,3607,28900,24100,27100
1593,172644,25657,225.285365640149,14728,52300,37900,44300
1594,172671,10082,96.3585265083913,4012,32400,26300,29600
1596,172699,26409,277.636383782787,19195,50500,35300,42400
1599,172918,18376,127.219971185025,13868,40200,36900,39800
1600,172954,17315,116.618306919606,13042,42700,36000,38600
1601,172963,15434,143.122467583153,11935,41200,34800,38800
1603,173063,14240,127.219971185025,9362,36700,32200,34700
1604,173115,18269,159.024963981281,13412,37600,32400,33600
1605,173124,21352,209.38286924202,16476,44000,37000,40400
1608,173203,16872,116.618306919606,12802,37700,31900,35700
1612,173416,15595,116.618306919606,11901,42300,39200,39700
1614,173461,18516,135.436260990724,14687,41600,34300,38000
1616,173559,14684,127.219971185025,10470,39200,34600,37000
1617,173638,16657,116.480485284156,11980,37900,33100,35500
1621,173708,16251,121.208827546532,11655,39500,34700,37100
1622,173735,14734,127.219971185025,10069,39900,36300,37200
1624,173799,15176,148.052241466573,10552,43800,36400,42300
1625,173805,17560,111.317474786897,13252,40300,33000,36900
1628,173911,14616,127.219971185025,10438,38000,31800,35400
1629,173920,21060,223.758725985928,17488,48400,38800,44200
1631,173993,16593,113.967890853251,12231,36800,36600,37100
1632,174020,23914,181.288458938661,17718,51700,44600,48600
1633,174066,27508,206.732453175666,17419,61200,46000,54400
1634,174075,23749,217.334117441085,10434,49100,42500,43000
1636,174136,17465,190.342280221328,12328,37700,31500,36600
1639,174233,25227,233.491053781583,17313,56300,40900,49100
1640,174251,24552,201.378612721629,11035,44400,34900,39000
1642,174358,22319,212.033285308375,17653,44900,36300,40300
1643,174376,14693,156.374547914927,10367,43300,35600,39900
1644,174428,16198,127.219971185025,11281,43400,34800,39900
1646,174473,16627,127.219971185025,12493,42100,34200,37600
1650,174570,15773,152.579152107907,11006,34000,32800,32500
1652,174738,18054,156.300336265069,14005,40700,33200,37300
1654,174756,13053,127.219971185025,9024,42100,35300,39100
1655,174783,19875,223.249846101188,14300,48600,38000,43400
1665,175041,17378,115.8231820997,11626,36000,29300,33700
1666,175078,20989,217.334117441085,13683,41400,34900,37200
1669,175157,18113,127.219971185025,14143,39300,31100,35800
1671,175236,15881,127.219971185025,11477,35900,32900,35300
1672,175263,20388,137.514187186747,15897,37700,33500,34200
1673,175272,22312,227.935781706503,17546,48600,40000,43100
1675,175315,14530,151.073715782217,10228,40500,32900,37100
1676,175342,22940,286.244935166307,16206,35000,26900,31900
1681,175573,10899,78.8233738133886,3483,33300,25700,29100
1682,175616,21105,216.167934371889,14377,37600,32400,34400
1683,175643,11840,58.3091534598033,5215,33000,27300,29400
1684,175652,12663,95.4785883743615,6934,30100,25600,28800
1687,175786,9560,99.3481958312394,2622,30900,24900,28600
1688,175810,12304,98.3198343974938,5936,32200,26000,29400
1689,175829,11175,80.9013000094107,5271,30900,25600,29300
1690,175856,24637,323.03271016731,15290,33700,27800,31200
1691,175883,10976,66.6950698937495,4585,33300,25700,30400
1692,175935,12094,58.5317884093771,6293,31600,26400,27500
1695,176017,25492,212.033285308375,12454,56600,41300,50500
1696,176035,20480,159.024963981281,11952,38900,33100,33100
1697,176044,20315,301.225086773343,10096,27200,22500,25600
1700,176071,13931,106.016642654187,9290,32400,26700,30500
1701,176080,25795,234.742050164902,15891,47400,37100,43200
1702,176169,13198,103.069379988401,6779,32300,26000,30600
1703,176178,11781,68.910817725222,7133,31900,26000,29800
1704,176239,11917,103.366226587833,5070,33400,28300,30600
1708,176372,24119,238.537445971922,13863,42700,33500,38200
1722,176965,20098,222.634949573794,13953,42600,35100,38800
1730,177135,10938,95.414978388769,5291,31000,26100,28800
1733,177250,12257,100.715810521478,6782,32200,26600,30700
1739,177472,12404,110.819196566422,8710,32700,26900,30200
1741,177551,18565,274.901154402309,11570,30900,23800,24900
1744,177676,13583,98.4364527044134,8718,34700,28000,30200
1752,177940,20912,306.123055663967,10714,34600,27000,30300
1754,177977,16273,116.46988361989,13336,44400,40400,47600
1756,177995,12764,106.790564145563,6518,34500,29200,31800
1762,178217,15293,111.317474786897,9663,29900,25700,28200
1764,178341,16181,203.276310625139,9607,38100,31300,34200
1766,178387,20013,211.694032051882,13220,38200,31300,34400
1767,178396,27518,217.334117441085,17899,56600,42700,49600
1768,178402,22643,198.781204976602,13296,57200,44400,50000
1769,178411,23352,246.488694170986,12682,72400,57200,65400
1770,178420,24972,212.033285308375,11462,49200,38700,44400
1771,178448,12417,112.992537740833,6962,32100,26900,28800
1774,178615,21858,222.634949573794,11216,50500,36000,45600
1775,178624,20745,227.935781706503,13398,43700,34000,37700
1790,179308,12296,71.2961921849413,6624,31800,25100,28400
1793,179344,14166,106.016642654187,7982,31800,27000,27100
1795,179539,12392,111.317474786897,6419,33500,27200,30800
1797,179557,21219,227.935781706503,13321,41400,31800,35300
1798,179566,22720,233.151800525089,16625,44500,34300,40700
1799,179645,16621,106.016642654187,9605,29700,24600,27700
1800,179715,15809,111.317474786897,9442,32600,29100,30000
1810,180081,15702,198.781204976602,12079,52100,48100,51400
1813,180151,15059,100.185727308207,10064,36800,30300,34100
1815,180179,17260,193.04570460901,14676,38700,34300,37300
1816,180197,14260,111.317474786897,8874,33500,30100,32200
1821,180276,17605,154.572264989805,12387,39600,30400,36800
1823,180373,13062,121.919139052316,9006,43100,34500,36900
1824,180416,21266,198.781204976602,15789,52100,48100,51400
1825,180461,22358,238.537445971922,19413,48900,38000,43300
1826,180489,20680,237.47727954538,13799,43300,33900,38700
1827,180522,15637,196.130788910247,13009,40400,37100,40500
1829,180647,11497,137.005307302006,6890,29900,23200,24000
1830,180692,18488,222.634949573794,12938,36700,29300,33700
1835,180902,12804,84.7285008092269,8690,32800,28500,31200
1836,180948,22078,200.106413009779,15260,43000,35700,39000
1844,181215,23361,206.732453175666,16611,45800,36300,40600
1846,181303,9378,87.1138752689461,4915,33800,29600,32500
1847,181312,12609,105.96363433286,6076,35200,29200,31400
1849,181394,19834,201.431621042956,13452,49300,38600,44000
1853,181464,24616,222.634949573794,16764,52700,39900,45500
1854,181491,13351,116.618306919606,8898,38400,33100,34000
1855,181534,21534,231.911405806035,15652,39600,33800,37100
1858,181640,11881,116.618306919606,8818,40200,33100,36800
1860,181765,17927,222.634949573794,12832,52700,39900,45500
1861,181783,20255,201.431621042956,14469,40300,33700,38200
1862,181817,13289,95.414978388769,6376,33800,29000,31600
1866,182005,13090,84.8133141233502,6904,37400,31800,34600
1868,182281,19519,206.202369962395,12906,49600,39300,45700
1869,182290,23594,200.604691230254,14953,56300,41600,48600
1870,182306,12124,166.976212180345,7758,37300,32900,34200
1872,182500,13898,116.618306919606,4863,38000,31600,35100
1873,182564,18459,111.317474786897,10637,35800,29800,35500
1887,183044,34157,284.273025612939,21699,57700,44900,50800
1888,183062,29113,272.982253170268,19627,45800,36100,41100
1889,183071,26036,284.273025612939,16665,57700,44900,50800
1890,183080,28186,275.643270900888,20086,45600,35100,41100
1891,183099,22652,155.314381488385,20268,41700,34000,39300
1892,183105,20304,116.618306919606,16277,37300,31000,35100
1895,183132,18789,159.661063837206,15772,39600,34700,39200
1896,183141,18291,116.618306919606,15473,40000,33000,37500
1902,183257,16088,165.226937576551,11615,39300,36400,39800
1906,183655,14739,100.715810521478,8302,32100,25300,29200
1908,183743,15389,127.219971185025,9912,42500,30700,37300
1912,183859,15185,127.219971185025,8414,39700,30700,33800
1913,183877,11647,111.317474786897,6402,39700,30800,35000
1915,183938,11230,125.640323209477,5343,37000,29500,33600
1920,184180,14103,95.414978388769,9650,43200,33900,41500
1921,184205,12958,127.219971185025,8975,38900,30700,35500
1931,184782,31040,217.334117441085,22978,55400,39800,49000
1932,184791,11531,127.219971185025,8269,38900,30700,35500
1936,184995,12240,111.317474786897,4717,34500,26200,29300
1937,185129,25165,196.130788910247,13718,46000,37200,41200
1939,185262,25272,246.488694170986,17510,48400,38000,43400
1942,185509,18588,111.317474786897,12416,38500,28600,33300
1943,185536,18524,103.366226587833,12402,42600,30700,37200
1945,185590,23180,233.236613839213,13705,52400,38200,45800
1950,185828,29862,222.634949573794,17093,70300,54800,61000
1951,185873,17080,118.208556559419,11598,39600,31100,35500
1954,186034,14142,79.8941419041959,7933,32200,25600,29700
1959,186201,23579,222.634949573794,15232,56300,43100,49700
1962,186371,26094,227.935781706503,12755,68100,48200,58000
1963,186380,24777,227.935781706503,15365,68100,48200,58000
1964,186399,25808,227.935781706503,12807,68100,48200,58000
1968,186469,17036,100.715810521478,10442,34500,30400,33400
1972,186645,12975,111.317474786897,7065,45000,34300,39900
1974,186876,28450,217.334117441085,18724,50700,37300,42400
1978,187134,24171,246.488694170986,17138,64900,49000,57000
1979,187198,16441,159.989715429434,12499,37100,29700,34900
1980,187444,24404,236.777569703863,17225,49100,37300,42600
1982,187532,10194,70.0982041229489,3663,34000,26700,31000
1984,187620,11603,181.235450617334,4998,40300,29700,34800
1985,187639,10386,76.8620659242861,3927,32300,25700,28700
1986,187648,14319,174.927460379409,4994,34800,29200,32600
1987,187666,11654,174.927460379409,4455,34800,29200,32600
1989,187897,20543,120.848370961508,12305,37800,29600,33000
1990,187903,8835,119.936627834682,6234,38900,29700,36500
1991,187912,16920,58.3091534598033,3917,48200,36700,44000
1992,187958,11577,195.600705696976,7122,43900,32600,39000
1993,187967,20876,202.332762505517,11364,58500,49000,59900
1994,187976,13466,195.600705696976,9755,43900,32600,39000
1995,187985,20184,195.600705696976,15070,43900,32600,39000
1996,187994,13103,181.235450617334,5389,40300,29700,34800
1997,188003,12622,181.235450617334,5159,40300,29700,34800
1998,188021,12410,181.235450617334,4961,40300,29700,34800
1999,188030,19510,181.235450617334,9979,40300,29700,34800
2000,188049,13729,195.600705696976,8867,43900,32600,39000
2001,188058,13159,63.6099855925127,9158,30000,25500,28500
2002,188100,12397,103.366226587833,4546,36700,29000,34200
2003,188137,13770,140.323628217083,6060,35000,28900,32600
2007,188225,16304,195.600705696976,12367,43900,32600,39000
2010,188304,20707,243.838278104632,14023,35800,29400,31600
2013,188438,13763,152.080873887432,7425,36000,28900,33500
2041,189547,13843,127.219971185025,7410,35100,27600,30500
2048,189839,12932,127.219971185025,6173,34600,27900,31500
2054,190053,13412,140.472051516798,7342,35500,27700,33200
2060,190169,12411,127.219971185025,5742,37600,31300,32500
2066,190442,12842,127.219971185025,6818,35700,28200,32100
2069,190512,13712,122.046359023501,1936,63600,47500,55000
2070,190521,13054,80.2970051462818,5065,40300,28500,35000
2071,190530,12151,88.884353201271,3970,38700,27500,33100
2072,190549,13795,116.618306919606,2393,48800,36900,43400
2073,190558,14963,152.133882208759,5581,47500,33900,41700
2074,190567,13782,127.113954542371,2061,50900,36800,44800
2076,190585,14724,89.4992497286653,6933,35000,28300,32700
2077,190594,13636,116.618306919606,2124,51800,39300,45600
2078,190600,13895,116.618306919606,2254,50000,33800,40800
2079,190619,14331,75.2718162844733,6358,41300,28800,35100
2080,190628,14989,78.5265272139569,7304,39200,29000,34200
2081,190637,13682,116.088223706335,2615,47500,36700,43100
2082,190646,14811,116.491086948421,5993,39400,30000,35000
2083,190655,13703,111.667329707656,3476,44700,32900,39500
2084,190664,13761,109.175938605282,2933,52900,37200,45400
2085,190673,13415,91.1743126826015,5509,41700,29200,35800
2087,190691,13567,116.618306919606,3239,45300,33600,39700
2093,190840,14407,106.430107560539,8330,37200,30700,36000
2096,191083,11426,98.0653944551237,6059,36700,29200,32600
2097,191126,17027,127.219971185025,8985,53900,43200,47800
2098,191199,16712,137.556593843808,11811,34300,27400,30900
2101,191302,14231,128.545179218202,8881,35400,28500,32700
2104,191339,13930,123.212542092697,7306,33800,28400,30400
2108,191612,14530,120.487914376484,8096,34500,25400,31000
2113,191719,13683,112.642682820074,8994,40400,31900,36300
2119,191986,16464,116.512290276952,9384,35200,27900,30900
2121,192022,17672,127.219971185025,10925,35900,27400,30900
2151,193283,14536,116.618306919606,8096,34600,28400,32400
2154,193326,14013,103.366226587833,6973,35500,28100,32400
2159,193478,12558,111.317474786897,5548,43900,32900,38400
2170,193946,11918,117.031771825957,6309,36600,30000,34800
2173,194028,18527,127.219971185025,13236,33900,28800,31700
2179,194222,13198,106.016642654187,6038,36300,28100,32200
2180,194240,11553,127.219971185025,5465,40100,31600,34700
2199,195058,16269,90.0823412632634,10866,42900,32300,40400
2211,195322,12037,117.137788468612,5279,35100,27700,31500
2221,195988,17183,107.606892294,11065,33900,26700,28600
2222,196006,24734,145.772883649508,17248,45500,34600,41100
2223,196015,20316,212.033285308375,11998,39600,31500,34700
2224,196024,24768,160.933263549057,17112,40800,33300,37000
2225,196033,25031,169.870466524805,16366,39500,29700,34100
2226,196042,15236,156.035294658433,6934,55800,44800,49800
2227,196051,26314,198.696391662478,17685,38400,29800,35000
2228,196060,26681,206.732453175666,17568,57600,41000,48500
2229,196079,27411,196.130788910247,19307,68100,47700,57100
2230,196088,26550,201.431621042956,19344,62100,46100,54400
2231,196097,25860,193.247136230053,16357,62600,44000,52800
2232,196103,29020,116.618306919606,21248,49800,36000,42200
2233,196112,18402,182.878708578474,10309,55900,45200,48200
2234,196121,22929,212.033285308375,16720,45500,36200,41300
2235,196130,18970,222.931796173226,9945,42200,33700,37800
2236,196149,25424,227.935781706503,19273,49200,38100,45000
2237,196158,24184,257.090358436405,15792,44700,32900,38500
2238,196167,26361,206.732453175666,19345,53400,39400,47600
2239,196176,25446,198.781204976602,16664,48700,36000,42000
2240,196185,25943,210.040172426476,18751,46700,35600,41300
2241,196194,24314,221.362749861944,14582,47100,35800,40500
2242,196200,23895,257.090358436405,14510,41300,31100,36400
2243,196219,28021,223.345261079577,19559,41300,31300,37600
2245,196237,15718,158.993158988485,6352,47500,37200,43300
2246,196246,25919,224.712875769816,16227,46200,34800,40500
2248,196264,18280,198.569171691293,11469,46800,42200,45100
2249,196291,27369,246.488694170986,21828,86200,66500,68900
2256,196565,17411,166.976212180345,11673,34600,27600,31800
2261,196699,13079,106.016642654187,5502,35600,30800,34900
2265,197027,9715,93.6445004564441,6627,98600,78600,91500
2275,197294,15328,110.257308360355,9622,43400,32200,39300
2287,197869,20133,214.482269753687,13897,43600,34300,38100
2288,197887,13429,164.622642713422,7419,31600,26700,29900
2294,198039,14080,127.219971185025,9625,29600,25000,26600
2298,198118,11536,92.7645623224143,6335,29700,25600,26700
2300,198154,12755,100.715810521478,4563,31600,26900,29800
2303,198233,16284,52.3510181426379,6994,30700,26200,28900
2305,198260,11890,84.0181893034438,5750,31700,25800,29500
2310,198376,14341,111.317474786897,6088,29000,25600,26000
2313,198455,11995,156.374547914927,1725,31800,24900,28500
2314,198464,22526,241.187862038277,16162,45800,37300,41700
2315,198491,11077,168.74669011267,4731,26200,23700,27700
2316,198507,13562,227.543520128683,4060,32200,25100,28400
2318,198534,10440,121.919139052316,4081,30700,24400,27100
2319,198543,16603,243.700456469181,6623,34600,27500,30600
2320,198552,10809,106.016642654187,5631,30000,25200,27800
2325,198622,15156,157.975399219005,10990,30600,24900,27800
2353,199087,11223,121.919139052316,5452,28800,25100,27700
2354,199102,18332,286.244935166307,10413,39300,31700,35500
2355,199111,20515,217.334117441085,13069,38800,30000,35000
2356,199120,24498,148.423299715862,13263,68800,49900,60800
2357,199139,23364,227.935781706503,16873,50300,38600,44800
2358,199148,19181,242.332841778942,11110,40900,33100,37400
2359,199157,24739,299.49701549808,15328,35300,28700,31400
2360,199184,22045,253.061726015546,13097,46700,28100,36700
2361,199193,24406,213.316086684491,16239,59500,45000,50700
2363,199218,25235,206.732453175666,19999,46600,36900,41900
2366,199281,17316,265.041606635469,11160,36400,28900,33200
2369,199333,11744,126.97613290692,4214,30600,27800,29700
2377,199494,11126,100.27054062233,3016,27300,25000,25700
2386,199731,10201,111.317474786897,960,27800,24500,25600
2394,199856,11178,127.219971185025,5609,35000,30800,32800
2397,199892,11241,68.910817725222,5285,30200,23900,27300
2399,199926,10616,80.8376900238182,2316,27700,24500,26100
2400,199953,13075,111.317474786897,7661,26800,23500,25100
2404,199999,20618,265.041606635469,13435,37200,31600,33800
2405,200004,18634,231.837194156177,13640,41300,33400,36800
2407,200022,14261,122.268993973074,11096,53600,48500,49900
2408,200059,19807,195.515892382853,14557,49300,42300,49000
2412,200192,15601,109.122930283955,10030,39800,33900,35800
2415,200226,18995,197.031930372808,14225,43300,35700,39000
2416,200253,17425,207.888034580596,12993,46900,38300,43300
2417,200280,23529,233.840908702342,17424,57800,45400,53600
2418,200305,15906,127.219971185025,11811,47700,41100,46400
2419,200314,15645,111.391686436755,8898,43000,37900,37200
2420,200332,22482,245.94800929345,17692,55500,45200,51900
2421,200341,17103,107.066207416464,10463,45800,35600,42500
2426,200572,19078,215.945299422315,13060,41700,37500,42500
2430,200800,24958,246.488694170986,22083,41800,33900,38500
2431,200846,13837,246.488694170986,11010,41800,33900,38500
2442,201283,10145,92.732757329618,5636,35400,30000,32300
2444,201432,16633,265.041606635469,12501,45300,33500,39300
2445,201441,23732,265.041606635469,16310,45300,33500,39300
2453,201672,14598,127.983291012135,11153,35400,29000,33300
2455,201690,19674,325.884557854707,12617,28600,23000,25100
2457,201803,19400,58.3091534598033,14899,32500,27500,29500
2460,201885,26819,225.285365640149,22114,49700,39600,44400
2461,201928,13427,156.003489665637,8852,35300,29100,31500
2462,201946,13732,225.285365640149,10113,49700,39600,44400
2463,201955,16825,225.285365640149,13091,49700,39600,44400
2465,201973,12248,153.618115205918,7433,32100,27200,29700
2468,202134,24364,231.084475993333,15544,46400,37200,42000
2471,202222,11580,92.7539606581489,7254,35500,29000,32300
2472,202356,11184,86.403563763163,5296,30900,25500,28800
2478,202648,17583,172.277044313055,12994,31500,28500,30400
2492,203155,15961,122.809678850611,12517,33200,26400,30500
2495,203331,7915,45.0570731280298,1846,30400,24000,28600
2499,203447,13835,259.74077450276,9518,42400,33500,38500
2500,203456,17451,259.74077450276,12870,42400,33500,38500
2501,203465,11595,259.74077450276,7963,42400,33500,38500
2502,203474,14347,259.74077450276,9443,42400,33500,38500
2503,203483,13797,259.74077450276,9668,42400,33500,38500
2504,203492,13489,259.74077450276,9243,42400,33500,38500
2505,203517,25976,259.74077450276,18778,42400,33500,38500
2506,203526,13385,259.74077450276,9669,42400,33500,38500
2510,203599,10950,156.385149579192,7101,36700,29800,33200
2512,203678,13695,127.219971185025,11518,34700,30800,31700
2515,203748,8942,145.030767150928,4385,33800,28200,31700
2519,203881,10915,87.9938134029759,6773,32900,29300,28900
2523,204006,16688,243.838278104632,13034,55400,40800,48800
2524,204015,15942,243.838278104632,12624,55400,40800,48800
2525,204024,34499,243.838278104632,24592,55400,40800,48800
2532,204255,12457,72.4517735898719,7393,32900,25500,29600
2535,204422,9240,87.4849335182357,4237,31400,25800,28300
2537,204440,15767,103.366226587833,11092,33800,28800,30800
2546,204662,23040,211.778845366005,18473,53600,41500,47400
2547,204671,18525,211.778845366005,14016,53600,41500,47400
2548,204680,21688,211.778845366005,16130,53600,41500,47400
2549,204699,18234,211.778845366005,13190,53600,41500,47400
2550,204705,20627,211.778845366005,15806,53600,41500,47400
2555,204796,27817,211.778845366005,18623,53600,41500,47400
2556,204802,11801,223.228642772657,6627,45800,35900,41200
2557,204820,12269,223.228642772657,7474,45800,35900,41200
2558,204839,12036,223.228642772657,6947,45800,35900,41200
2559,204848,12036,223.228642772657,7447,45800,35900,41200
2560,204857,27672,223.228642772657,19695,45800,35900,41200
2561,204866,12455,223.228642772657,7760,45800,35900,41200
2566,204945,12799,176.697938311734,9702,34400,29200,32400
2578,205443,21451,243.838278104632,15477,37500,28600,32500
2579,205470,9951,127.219971185025,4844,32100,27200,30300
2581,205841,10593,146.154543563063,6869,37100,28300,32800
2584,205966,12621,121.463267488902,8342,31100,25200,27300
2585,206011,16901,185.529124644828,13148,32600,28900,30000
2588,206084,25257,235.887029905567,16650,52800,37900,45100
2598,206446,11134,116.618306919606,6433,31300,27100,29400
2604,206604,22557,241.187862038277,15455,46100,34500,39300
2605,206613,15198,241.187862038277,11477,46100,34500,39300
2607,206695,19279,254.43994237005,12318,40200,32200,37200
2612,206914,16268,227.935781706503,8919,38200,30400,34400
2613,206923,13228,99.2527808528506,5449,30900,26900,29400
2615,206941,24564,222.634949573794,17116,44900,36900,40900
2616,206996,18099,121.919139052316,12292,32500,28800,33600
2617,207041,17393,187.342009234215,11157,42200,33200,38500
2618,207050,12008,126.159804758483,5349,33700,28900,31800
2619,207069,15250,71.5612337915767,5500,37100,29100,36100
2623,207209,20602,275.643270900888,11951,31100,25400,28800
2624,207236,18503,141.924479521161,13115,35700,30500,32300
2626,207263,18039,184.119103297527,9769,41000,33500,36500
2627,207281,13110,116.618306919606,7182,35800,31900,34600
2628,207290,16009,116.618306919606,9071,34200,29200,31300
2629,207306,18658,183.991883326342,10970,41700,34600,37800
2633,207351,14148,132.520803317734,7210,40800,33800,38600
2634,207388,24239,217.334117441085,13188,55300,42600,50500
2635,207397,12503,151.073715782217,8617,39300,32500,37000
2637,207449,11449,110.13008838917,5705,38200,30800,36600
2639,207500,30260,218.966773737959,19867,61900,48600,56000
2640,207564,16011,120.159262784256,9411,42700,38500,42100
2642,207661,19741,217.334117441085,13361,39300,33100,36300
2643,207670,15152,110.819196566422,9437,36300,30700,33800
2645,207722,19284,230.586197772858,9215,36400,30400,36100
2646,207740,20202,116.618306919606,13407,32900,25700,29100
2648,207847,17625,180.228292512119,10426,41000,34300,37000
2650,207865,21765,169.138951690491,12238,48200,39400,44900
2651,207935,12347,129.584142316213,5467,36900,31500,34700
2654,208035,13583,100.715810521478,4856,35400,31200,36100
2657,208275,18442,127.219971185025,10912,34900,29200,31200
2658,208318,18079,127.219971185025,11745,36900,28500,33000
2659,208390,14418,135.934539211199,7581,35600,28400,33200
2660,208406,9729,127.135157870902,5389,37900,30200,36600
2661,208415,15743,123.000508807388,11565,31800,27500,33300
2666,208646,22974,217.334117441085,15620,44100,36000,39900
2670,209038,14411,156.491166221846,8203,35000,27400,31300
2673,209074,17929,126.806506278674,12967,37200,29700,32700
2678,209250,13925,144.892945515478,8557,38100,30900,34300
2683,209506,24778,238.537445971922,16029,57800,52900,55800
2684,209542,28582,224.977917376452,18010,56700,42700,49000
2685,209551,28863,213.506916641268,18699,51300,39800,47000
2693,209746,15140,137.811033786178,9399,41200,32500,36500
2694,209807,21620,217.334117441085,13334,50800,38400,44400
2697,209940,14413,180.673562411266,8110,32900,26500,28800
2698,210146,18393,215.553037844494,9931,43400,32100,36100
2699,210155,15834,127.219971185025,9202,36200,26300,30300
2700,210234,13181,127.219971185025,5946,32000,27100,30500
2701,210270,15649,95.414978388769,10111,34600,27600,31100
2707,210429,23263,218.489698846015,15027,43400,33300,37400
2713,210605,13781,134.42910288551,9220,35800,29100,32600
2723,211079,11741,158.208635832844,7207,44900,33900,39500
2726,211158,23256,275.643270900888,18792,48100,38200,42600
2729,211307,12427,127.219971185025,8166,42300,32800,38400
2732,211343,10962,106.228675939496,6564,35200,28400,33400
2734,211361,26460,251.52448469706,19932,44800,35100,39800
2741,211608,24994,230.957256022148,12892,31600,23700,27000
2743,211644,20940,274.318062867711,13992,40600,33200,36800
2746,211927,16747,140.472051516798,13048,42000,32400,36200
2752,212115,22754,256.751105179912,17974,47200,35300,43100
2754,212160,22017,275.643270900888,17096,38100,29000,33300
2777,212878,16392,185.529124644828,11036,37800,31200,33800
2783,213020,28307,284.103398984692,20201,44200,33400,38500
2791,213349,28612,275.643270900888,21898,43900,34200,39100
2802,213525,14011,116.618306919606,10574,36400,29300,33800
2807,213598,24134,299.49701549808,14404,36200,26900,30000
2808,213613,20675,280.944103033597,15583,43400,34000,37500
2811,213659,13251,116.618306919606,8595,35200,29100,32500
2814,213783,22160,275.643270900888,12733,41300,33300,38600
2821,214041,24459,249.213321887199,19504,46000,35600,40600
2823,214111,12165,130.919952013656,7879,41100,32400,36300
2830,214379,13047,164.272787792664,8048,36400,28600,32500
2847,215239,19060,113.967890853251,13943,35900,28600,32200
2848,215266,28376,257.090358436405,17105,61200,44300,50000
2849,215275,27783,257.090358436405,18362,61200,44300,50000
2850,215284,27768,257.090358436405,17836,61200,44300,50000
2851,215293,34777,257.090358436405,27926,61200,44300,50000
2852,215309,17270,257.090358436405,8488,61200,44300,50000
2861,215585,14462,92.7645623224143,8491,34300,28200,32000
2878,216010,28491,265.041606635469,22012,48200,35800,42200
2879,216038,18684,265.041606635469,14058,44800,36300,40900
2887,216296,14869,105.910626011533,9797,46700,35400,39500
2889,216339,32954,258.627599754891,23108,59000,42200,50300
2906,216764,18257,249.139110237341,13183,51200,39500,44400
2911,216825,10776,116.618306919606,5678,35200,29100,32000
2925,217420,16272,217.334117441085,10986,43900,35900,40700
2926,217475,11613,115.770173778373,6085,34300,28400,31700
2927,217484,31539,235.887029905567,19925,58400,42500,50700
2933,217615,11414,129.87038725138,2685,30600,26700,28900
2937,217712,15093,106.016642654187,6715,30300,24900,28700
2942,217819,30219,246.488694170986,18394,48700,36400,43100
2945,217864,30400,223.652709343274,19731,59600,44700,52500
2947,217882,33004,227.935781706503,22116,58900,48100,53900
2953,217989,21188,161.675380047636,15009,20700,17500,18100
2955,218025,10174,129.87038725138,2702,30300,24900,27700
2956,218061,22562,286.244935166307,13020,36900,32100,35100
2958,218113,14698,163.180816373325,7234,34700,29100,31900
2959,218140,12364,151.073715782217,4707,29800,25900,29000
2962,218229,25497,265.041606635469,16955,38100,31400,34900
2965,218353,12138,127.219971185025,6030,32600,27600,31200
2969,218487,14629,111.974777971353,5218,29400,25900,27700
2970,218520,20416,159.024963981281,11596,29200,25600,28900
2972,218645,20205,257.35540004304,12309,40800,34200,37200
2973,218654,23189,254.43994237005,15587,40400,33800,35200
2974,218663,28856,227.935781706503,20796,53900,43900,49900
2976,218681,20215,116.618306919606,12262,29200,24900,27700
2977,218690,17547,98.0653944551237,9085,39400,29900,32600
2978,218706,19694,116.618306919606,10942,35400,24000,28400
2979,218724,24910,251.789526303696,14382,44500,33500,39900
2980,218733,29823,328.651592227982,21075,32500,25000,29800
2981,218742,23482,236.523129761493,14661,41300,36400,39600
2984,218830,14046,68.910817725222,2565,31700,26800,29400
2985,218858,12230,105.772804376083,4053,29400,24100,27500
2986,218885,16318,95.414978388769,5344,30500,29100,29800
2987,218894,11746,138.129083714141,1057,35100,28800,31900
2990,218964,27620,285.979893559671,17033,39800,31300,35600
2992,218991,14858,74.2116498579314,5600,29600,26600,27800
2995,219046,20377,275.643270900888,16448,40500,31300,35900
2996,219082,22413,249.139110237341,18619,43100,35400,39700
2999,219143,17561,127.219971185025,14595,38900,34900,36200
3001,219189,16069,127.219971185025,13034,45400,40300,41500
3005,219259,21971,236.629146404147,16810,37300,33400,37000
3009,219347,24661,286.244935166307,19592,62400,56400,61100
3010,219356,22303,246.488694170986,18402,50200,41100,45600
3015,219426,20609,127.219971185025,16445,40700,36100,38100
3017,219471,23245,250.114463349759,19415,49500,37100,44500
3018,219480,20417,159.024963981281,14788,37900,31800,32900
3022,219602,23439,217.832395661559,14480,38800,31400,35000
3028,219824,13157,110.458739981398,6935,33200,28400,30200
3032,219879,14375,84.325637567141,8004,32100,26500,28100
3033,219888,12711,90.1141462560596,7644,34600,29100,31500
3040,220057,12193,73.1514834313896,4912,29800,26300,28200
3041,220075,23178,206.117556648272,13220,40600,32700,37100
3069,220862,23803,247.018777384257,14023,43200,35100,39000
3071,220978,21437,212.033285308375,12553,44400,33600,39200
3077,221184,12706,101.722968626693,6304,33600,28200,29900
3083,221397,11290,89.6264696998503,4078,32600,27300,30200
3093,221643,11979,92.4995207157788,5331,33300,27800,30900
3097,221740,23093,206.732453175666,12732,42600,33900,39000
3098,221759,32498,217.334117441085,18853,56700,41600,51000
3099,221768,21040,222.889389516164,10857,40100,30800,35400
3101,221838,22534,286.244935166307,12494,39800,31200,35500
3102,221847,23757,165.916045753803,14795,46700,35400,40300
3104,221908,12805,72.377561940014,5907,29900,25400,28200
3108,222053,13332,80.0425652039118,6645,34800,30100,32100
3112,222567,15324,47.9089208154274,8235,42000,36700,40000
3113,222576,10896,159.024963981281,4956,36800,31300,34800
3116,222831,20712,212.033285308375,13499,46300,36100,41400
3121,222992,12064,111.306873122631,6612,40300,31700,36000
3129,223427,19764,121.919139052316,18104,44500,35800,41200
3132,223506,9262,59.8039881212273,1972,43500,37400,38800
3133,223816,13232,71.5612337915767,8626,34900,29000,32800
3135,223898,15135,100.715810521478,6984,34600,29400,33200
3136,223922,16421,116.618306919606,10805,37900,31800,32400
3139,224110,10068,119.268722985961,6190,37600,34100,36000
3140,224147,23035,243.838278104632,17998,48600,39100,44500
3147,224350,11516,58.3091534598033,5224,38000,32600,35000
3149,224545,22050,200.933342822482,14204,39200,34800,37500
3150,224554,23353,217.334117441085,13931,41900,36000,38300
3151,224615,9834,100.715810521478,3704,34100,29400,31600
3152,224642,12037,69.6105275667397,3767,31700,26100,29800
3159,224891,11056,100.715810521478,5786,34700,33600,35500
3160,224961,11988,109.313760240733,6004,40100,31800,34300
3161,225070,9575,129.87038725138,3170,36000,31300,33400
3164,225308,13692,110.532951631256,5936,35600,29400,32300
3165,225371,12784,106.016642654187,8564,34800,31600,34800
3167,225414,27188,189.038275516682,15502,52900,45500,49200
3168,225423,12028,147.585768238894,6905,39300,31900,35300
3169,225432,21607,198.781204976602,13100,49300,42500,45100
3170,225502,21013,201.14537610779,10872,46200,43800,44800
3171,225511,24014,192.886679645029,13798,60600,47100,55000
3172,225520,13502,100.715810521478,7456,35700,30700,35600
3179,226019,13581,158.675109060522,5487,34400,32700,32800
3180,226091,21356,225.285365640149,13351,46000,37200,42000
3181,226107,7852,116.183638684724,2253,34600,31600,34800
3182,226116,12583,140.472051516798,6775,36700,27100,35100
3184,226134,11346,31.3703245613741,5755,35600,29400,33600
3185,226152,14898,159.024963981281,4667,46700,36000,41400
3186,226204,10961,79.5124819906408,5939,43100,35300,40700
3190,226408,8428,63.1859190218959,2398,38100,34400,37200
3192,226578,13373,111.317474786897,6649,34400,29600,33000
3195,226806,11503,113.119757712018,3749,45400,37000,41000
3196,226833,20142,222.952999501757,10203,47000,42400,45900
3201,227146,16864,116.618306919606,13520,34200,29700,32500
3202,227182,14166,91.1743126826015,8654,40800,34000,37800
3203,227216,22558,204.082037109311,12006,49300,39300,43900
3204,227225,14353,116.045817049274,9907,31400,28500,31700
3207,227304,10866,82.1628980569955,6754,43400,36000,38300
3211,227368,14970,137.291552237173,5363,44200,34200,40600
3212,227377,10218,95.414978388769,5590,38200,30600,34600
3213,227386,14068,111.317474786897,5368,39800,30600,35200
3214,227401,13339,56.6340905058671,7251,31100,27300,29200
3216,227526,25513,286.244935166307,14847,40700,34300,38600
3217,227687,11763,100.715810521478,4167,33800,29900,31400
3221,227854,11616,100.715810521478,5273,34000,29700,32500
3223,227881,23209,233.056385546701,15446,49700,39300,45600
3224,227924,11405,111.317474786897,5157,36000,29800,32800
3225,227979,14550,100.715810521478,9644,42600,35000,37900
3229,228158,12190,111.317474786897,7258,41200,32000,37600
3236,228316,13511,65.7303184455964,6753,33800,29200,31900
3239,228431,24550,248.174358789188,15708,46400,36700,41400
3240,228459,25449,222.634949573794,17033,51100,40600,46200
3243,228501,23310,168.566461820158,15192,41400,34600,38400
3244,228529,21849,207.8562295878,19151,47700,38200,43100
3245,228547,11591,96.5175514723726,6326,38200,32000,35500
3246,228608,10402,135.83912423281,5276,37600,29300,32800
3250,228699,12368,111.317474786897,5383,32100,25200,29500
3251,228705,22574,243.138568263114,11524,49300,39500,44700
3252,228723,31242,188.752030581516,20976,67800,53600,61600
3253,228769,24266,185.815369579995,15627,54000,43700,47800
3254,228778,28571,217.334117441085,17519,73900,52200,60200
3255,228787,28002,190.829956777538,17033,61400,47800,54400
3256,228796,18962,190.829956777538,10798,43300,35300,39300
3257,228802,21156,181.680720516481,11223,50500,42900,47400
3263,229018,20947,188.179540711183,8106,52300,44800,50100
3264,229027,19461,217.334117441085,10489,49600,38800,44800
3265,229063,23898,307.448263697144,18000,37600,30300,34600
3266,229115,24618,227.935781706503,17313,61600,46800,54500
3268,229179,19976,203.742783852818,11726,49100,42800,45900
3272,229355,15784,127.166962863698,9885,37100,30700,34500
3275,229504,12931,116.618306919606,6152,36800,31200,36500
3277,229540,11079,111.317474786897,5404,40600,34600,39100
3280,229799,15195,105.465356112386,9925,36400,32600,34800
3281,229814,20586,206.732453175666,18060,46700,39300,42800
3282,229832,12525,79.6715069546221,3035,38800,32300,39100
3283,229841,9865,81.6646198365208,5549,42900,34100,38400
3292,230171,18413,159.024963981281,15298,41400,32500,36100
3299,230597,11691,74.2116498579314,8049,37200,29500,34000
3300,230603,19958,132.520803317734,13095,45500,34100,39200
3302,230728,20239,152.027865566105,13233,49600,37400,43400
3303,230737,14455,156.374547914927,9464,50700,38700,44200
3304,230746,11623,84.8451191161465,6919,43400,33700,39100
3305,230764,20616,201.431621042956,12867,63500,47200,55300
3306,230782,15319,160.222952043274,10289,49900,39700,44800
3309,230834,25496,262.942477110916,17575,40800,33800,38000
3311,230861,16629,111.222059808508,10113,31700,27700,30000
3313,230913,25214,227.935781706503,15580,35600,28500,32000
3321,231165,27624,159.024963981281,21839,45900,42600,44600
3322,231174,33877,222.115468024788,18814,55200,40400,48700
3326,231536,15211,110.352723338744,9160,36300,28800,32900
3329,231624,40034,196.130788910247,18650,74500,47400,60100
3332,231697,10864,91.439354289237,4556,30300,25800,29300
3333,231712,31340,265.041606635469,25031,52000,39300,45300
3336,231873,12077,97.3444812850752,6089,31500,27800,28200
3337,231882,12336,95.414978388769,7533,29400,23400,26500
3344,232186,25643,206.732453175666,18581,63900,47000,56300
3345,232195,11239,89.0539798295177,6380,35100,27700,33800
3349,232414,11250,111.317474786897,5344,34400,27100,31900
3350,232423,28545,213.019240085059,22431,63300,46100,53200
3351,232450,11822,100.715810521478,5910,36800,30000,33500
3353,232566,29430,265.041606635469,18974,45300,36200,39700
3354,232575,11835,103.366226587833,8256,34000,26900,30100
3358,232681,28642,217.334117441085,22547,56200,40300,49100
3363,232867,11837,95.414978388769,6346,35700,27900,32000
3366,232937,25288,307.448263697144,12643,38800,30000,33900
3367,232946,15746,116.618306919606,9884,47200,37000,42600
3368,232982,26170,254.43994237005,16948,48700,38300,44000
3370,233037,10382,72.9394501460812,5716,27400,23700,24000
3372,233116,12073,92.7645623224143,7193,33500,28400,33900
3373,233277,25021,254.43994237005,16605,48000,37700,43600
3379,233338,19928,116.618306919606,12995,36800,27300,32200
3393,233754,12511,100.715810521478,6068,33200,26800,30000
3394,233772,13065,106.016642654187,7660,35300,27600,31600
3396,233897,23170,177.577876445764,9784,43800,30000,34900
3398,233921,27755,227.935781706503,20927,67100,50400,59000
3399,233949,11923,116.618306919606,6042,33800,27400,30500
3400,234030,31917,227.935781706503,18904,49700,37500,44200
3401,234076,32289,185.529124644828,20507,79400,56800,65300
3402,234085,32420,243.79587144757,21325,65200,44300,56100
3405,234155,23673,280.944103033597,15359,38400,29000,34700
3409,234377,8811,79.5124819906408,1706,30100,25200,27600
3410,234669,15616,131.195595284557,7929,49900,39800,45000
3411,234696,8265,185.094456409946,3799,48100,38400,43000
3412,234711,14810,97.1748546568285,6139,38200,28300,31800
3413,234827,25200,206.732453175666,17234,50100,38900,44500
3417,234933,14419,115.356708872021,7677,38100,30300,36600
3418,234951,13720,128.407357582752,6181,37900,28800,32100
3419,234979,16056,157.212079391895,8759,39400,30800,36000
3422,235097,21565,206.732453175666,12801,46700,37700,42400
3423,235103,15438,125.682729866539,7417,42900,33500,37500
3424,235149,15266,110.437536652867,8170,38600,29500,34900
3426,235167,24865,217.334117441085,21048,36900,28400,33700
3427,235237,13453,127.219971185025,6861,39700,31600,36900
3430,235334,14868,117.413431739513,7134,32400,25600,29800
3431,235343,15763,126.064389780094,8573,42000,32500,36600
3434,235431,15719,100.715810521478,8095,40900,32100,38100
3439,235699,14635,159.523242201756,8075,47200,37500,44300
3440,235750,13690,111.381084772489,6625,34900,30200,33300
3442,236072,13846,163.880526214843,4988,43200,33200,38000
3444,236188,14252,127.219971185025,6873,38000,29800,35300
3447,236258,12007,167.3578720939,3742,33100,26700,29300
3449,236382,13917,83.9651809821167,5150,43000,35300,36600
3452,236513,14359,127.219971185025,5952,37000,30200,33500
3455,236610,14675,127.442606134599,7205,46500,36400,42700
3456,236638,14065,146.355975184106,7359,36100,30800,35100
3457,236656,14095,116.618306919606,7491,34400,28500,33200
3458,236692,11706,143.133069247419,4933,37200,30900,34400
3459,236708,12252,127.219971185025,5939,34900,27300,31400
3461,236753,13296,137.821635450444,7291,40700,33400,36900
3462,236887,14523,148.423299715862,6548,38800,30600,34200
3464,236939,20182,206.732453175666,8947,56600,44700,51000
3465,236948,25020,154.943323239095,10933,69600,50300,61000
3466,236975,14722,109.536395190306,6754,36700,28500,33000
3467,237011,18120,196.130788910247,9717,50600,37400,43300
3468,237039,13812,112.833512776852,6590,38400,31500,33200
3471,237109,15882,148.062843130838,8396,36800,29100,33100
3478,237215,17506,193.480372843892,11143,31900,29600,32400
3483,237330,18157,200.371454616415,9182,35700,28900,32600
3485,237367,17689,222.634949573794,11884,38400,30500,35600
3486,237385,23001,265.041606635469,15037,38400,27900,33300
3490,237525,19715,246.488694170986,8706,41700,32700,38300
3495,237686,11770,133.262919816314,8407,33200,26700,30300
3496,237701,14778,238.537445971922,8295,52700,39300,46000
3499,237792,17804,228.995948133045,11109,43000,34400,38900
3500,237817,11701,97.4292945991986,5441,29500,23800,27300
3503,237899,19488,247.421640626343,16261,33800,28700,31100
3505,237932,22786,246.488694170986,15225,39500,30600,35900
3506,237950,18708,238.537445971922,11124,52700,39300,46000
3511,238014,10273,108.614050399215,4407,30200,25500,26800
3512,238032,22953,238.537445971922,13380,52700,39300,46000
3517,238263,14240,149.059399571788,10038,39100,32200,36000
3520,238397,14323,101.245893734749,9790,34100,30600,31300
3526,238722,15516,110.278511688886,11292,37300,33000,35500
3527,238759,13980,128.969245788819,8935,32400,28000,31500
3530,239008,13612,74.2116498579314,9483,36100,32400,33700
3536,239220,14282,84.8133141233502,9671,35700,30700,34000
3537,239248,14556,158.547889089337,9254,33500,28300,31200
3540,239372,13091,87.1986885830694,9306,36100,33400,33500
3543,239442,12087,83.085242848087,6579,31400,27200,30200
3544,239460,15432,79.5124819906408,10807,37000,31300,34100
3545,239488,14922,124.240903526442,9834,38400,32800,34800
3551,239910,14259,79.5124819906408,9931,36000,30700,33100
3553,240116,15378,121.198225882267,11909,38300,34600,36400
3554,240125,14479,127.219971185025,10857,38800,32600,34700
3555,240170,14516,121.919139052316,10716,37100,32200,34800
3556,240189,18358,245.83139098653,14856,45800,37500,41600
3557,240198,15561,87.4637301897049,11383,36200,31200,34000
3559,240268,20603,221.670198125641,16884,50300,40200,45400
3560,240277,17334,196.130788910247,13654,44500,36500,39500
3561,240329,17776,238.537445971922,14839,52500,40100,47700
3563,240365,18338,227.935781706503,14753,45600,37900,42500
3564,240374,16490,217.249304126961,11682,42600,32900,37200
3566,240417,20256,243.838278104632,16456,48700,41000,44900
3567,240426,18758,238.537445971922,12268,39800,33200,37700
3568,240444,26993,217.164490812838,16708,68000,49600,58800
3569,240453,20966,243.838278104632,15845,48200,38500,43000
3570,240462,18859,232.992775561108,14585,51200,41300,46800
3571,240471,18190,217.334117441085,14059,44900,36700,40500
3572,240480,18966,227.9675866993,14434,43600,34500,38300
3573,240505,12349,101.076267106502,8045,41300,35800,36800
3574,240514,11886,88.6405149231664,7979,33100,26800,31600
3575,240596,14058,74.2116498579314,4632,33700,27000,33400
3576,240620,11961,116.618306919606,5717,39300,32900,36600
3577,240657,14138,106.016642654187,5714,37200,30400,34000
3578,240666,14390,91.4075492964407,8643,39600,33600,35700
3579,240693,14230,95.414978388769,6850,38500,35700,36000
3582,240727,20790,190.829956777538,8036,54200,44200,48400
3585,240754,13234,177.959536359319,8844,33300,25700,29500
3605,241766,10920,94.0897703555916,5655,22100,19000,19400
3655,243665,15949,178.107959659035,9527,35500,27000,34800
3657,243780,22590,206.732453175666,9127,62200,49000,55700
3664,244437,15508,221.606588140048,10348,48200,38100,43300
3665,244446,16321,134.280679585794,10111,29000,26300,26400
3668,245625,9975,98.5954776683946,3727,36500,28900,31300
3684,246354,10706,141.988089506753,4675,33300,29500,31300
3698,247603,13786,116.618306919606,11298,37700,29000,32800
3702,247834,12701,79.5124819906408,7894,41600,35400,38100
3703,247940,12491,84.1030026175671,5739,31600,27100,30400
3721,251260,14672,116.618306919606,7780,35100,28500,31300
3740,262031,10321,65.592496810146,4575,36300,31100,35500
3761,364016,14964,74.1586415366043,9743,40500,32900,37000
3762,364025,14727,74.2116498579314,9824,45800,35500,41200
3787,366252,31560,254.026477463699,25028,46100,38600,43800
3793,366395,11377,87.4637301897049,5722,42400,32200,37300
3796,366465,13345,100.715810521478,4312,28300,23900,25600
3803,366711,23821,183.938875005015,14048,51100,40500,46800
3812,367459,11193,100.77942050707,7073,37100,30800,34900
3828,368911,14160,60.959569526158,6406,23700,22800,23400
3901,377555,21519,154.943323239095,9280,69600,50300,61000
3902,377564,21190,154.943323239095,8541,69600,50300,61000
3917,380368,16359,150.342200947903,11581,35300,28500,32200
3934,382911,15630,100.715810521478,6564,35700,30700,35600
3939,383190,15173,111.317474786897,9282,30300,25600,28200
3948,383996,11506,174.927460379409,5362,34800,29200,32600
3953,384333,14993,79.5124819906408,9708,37700,30700,33800
3954,384342,14651,82.9686245411674,11025,31000,27300,29600
3996,404426,16964,108.667058720542,11262,32200,30500,32000
4005,405872,8756,124.56955511867,3330,35600,30900,37400
4051,409698,15203,135.171219384089,5553,47000,35100,41900
4078,414911,12481,116.618306919606,8035,31600,27800,28500
4109,417886,31211,89.3932330860111,17043,32000,30900,32800
4110,417910,40574,100.715810521478,36247,54300,50500,53400
4124,418223,21013,100.715810521478,14321,40800,34200,36700
4177,420398,10911,99.6556440949365,4453,38700,31900,36400
4178,420431,12610,69.0592410249379,3407,24600,20500,22800
4179,420440,16219,93.9413470558758,10629,30800,26300,31100
4219,428392,15199,185.31709135952,8124,30300,23900,26500
4268,433660,17425,186.822527685209,9713,45800,36500,44000
4284,434672,12930,122.215985651747,7673,38700,30800,35400
4294,436304,13532,127.219971185025,7304,34800,32600,37200
4303,436818,19056,227.935781706503,7599,66000,49800,57300
4304,436827,20336,227.935781706503,10174,66000,49800,57300
4305,436836,22106,227.935781706503,10225,66000,49800,57300
4307,437103,15288,131.990720104463,9640,35900,28700,31600
4335,439190,15245,67.5113980421868,8251,49800,37400,41700
4376,440828,26591,224.977917376452,16163,56700,42700,49000
4409,441760,13698,138.627361934616,7086,45900,40100,45100
4415,441937,24033,159.024963981281,13560,51900,38100,44600
4895,456959,26023,206.732453175666,14827,61200,46000,54400
5149,463056,20297,227.935781706503,9370,66000,49800,57300
5354,482149,22681,217.334117441085,15044,70600,52300,66800
5355,482158,15986,201.431621042956,10295,35000,29400,31400
5381,482680,17196,188.179540711183,10623,46200,37300,43900
5382,482699,14704,121.919139052316,8385,34000,26600,31100
5391,483045,9092,101.860790262143,3166,25200,23100,25800
5459,484473,17461,159.024963981281,4517,65700,47700,57800
5477,485111,14710,90.782051104781,11372,35900,27800,32100
5556,486840,24858,252.669464437725,18212,47900,38200,43400
5577,487320,18182,100.715810521478,10364,39300,33800,36100
5687,489779,13530,276.47020071359,-4247,40100,29100,34600
5747,490805,15347,225.062730690575,9477,43000,35700,37100
5770,491288,21310,243.838278104632,12901,48200,38500,43000
5978,495767,34174,265.041606635469,27521,57200,43600,51200
